"","x"
"1","rn469703392"
"2","rn469633434"
"3","rn469461510"
"4","rn469416270"
"5","rn469223279"
"6","rn469175013"
"7","rn468825190"
"8","rn468728413"
"9","rn468544327"
"10","rn468387321"
"11","rn468385492"
"12","rn468271600"
"13","rn467823039"
"14","rn467515722"
"15","rn467423311"
"16","rn467081065"
"17","rn466744454"
"18","rn466582289"
"19","rn466379570"
"20","rn466300645"
"21","rn465923615"
"22","rn465753321"
"23","rn465413731"
"24","rn465263921"
"25","rn465129020"
"26","rn464933679"
"27","rn464619546"
"28","rn464515855"
"29","rn464194458"
"30","rn464094584"
"31","rn463985058"
"32","rn463978047"
"33","rn463661237"
"34","rn463488548"
"35","rn463297075"
"36","rn463241662"
"37","rn463214214"
"38","rn462714179"
"39","rn462542739"
"40","rn462434236"
"41","rn462157449"
"42","rn461768598"
"43","rn461534427"
"44","rn461500467"
"45","rn461305370"
"46","rn461252343"
"47","rn461247819"
"48","rn461120095"
"49","rn460999593"
"50","rn460879441"
"51","rn460486455"
"52","rn460396108"
"53","rn459861808"
"54","rn459712338"
"55","rn459554432"
"56","rn459437469"
"57","rn459268814"
"58","rn459162051"
"59","rn459058458"
"60","rn458615400"
"61","rn458203812"
"62","rn458077435"
"63","rn457797562"
"64","rn457041779"
"65","rn456538256"
"66","rn456338540"
"67","rn455777878"
"68","rn455678383"
"69","rn455242368"
"70","rn455067673"
"71","rn454712211"
"72","rn454354009"
"73","rn454068362"
"74","rn453800806"
"75","rn453759800"
"76","rn453595318"
"77","rn453263159"
"78","rn453127782"
"79","rn452968716"
"80","rn452895689"
"81","rn452861716"
"82","rn452761118"
"83","rn452612086"
"84","rn452509823"
"85","rn452439077"
"86","rn452404239"
"87","rn452199485"
"88","rn452094734"
"89","rn451757067"
"90","rn451361161"
"91","rn451283783"
"92","rn451207076"
"93","rn450902947"
"94","rn450820067"
"95","rn450738365"
"96","rn450035304"
"97","rn449303152"
"98","rn448813283"
"99","rn448652416"
"100","rn448636314"
"101","rn448604889"
"102","rn448572451"
"103","rn448239724"
"104","rn448092299"
"105","rn448071799"
"106","rn448009947"
"107","rn448003882"
"108","rn447583504"
"109","rn447540786"
"110","rn447373675"
"111","rn447304955"
"112","rn447278980"
"113","rn447200026"
"114","rn446676714"
"115","rn446497344"
"116","rn446368234"
"117","rn445996635"
"118","rn445990327"
"119","rn445525853"
"120","rn445442018"
"121","rn445305084"
"122","rn445275391"
"123","rn444679905"
"124","rn444319679"
"125","rn444076187"
"126","rn444007171"
"127","rn443853990"
"128","rn443780704"
"129","rn443709275"
"130","rn443608925"
"131","rn443589706"
"132","rn443219404"
"133","rn443158689"
"134","rn442868896"
"135","rn442793385"
"136","rn442641935"
"137","rn442640394"
"138","rn442466346"
"139","rn442431515"
"140","rn442233371"
"141","rn442220067"
"142","rn442080944"
"143","rn441762909"
"144","rn441604586"
"145","rn441550010"
"146","rn440980976"
"147","rn440953543"
"148","rn440531227"
"149","rn439701690"
"150","rn439504248"
"151","rn439496706"
"152","rn439383039"
"153","rn439327256"
"154","rn439323574"
"155","rn439322036"
"156","rn438940351"
"157","rn438882255"
"158","rn438776621"
"159","rn438770273"
"160","rn438758319"
"161","rn438716162"
"162","rn438698277"
"163","rn438455287"
"164","rn438166071"
"165","rn438109793"
"166","rn437606446"
"167","rn437502901"
"168","rn437407516"
"169","rn437260839"
"170","rn437243038"
"171","rn436954191"
"172","rn436892236"
"173","rn436833391"
"174","rn436824972"
"175","rn436599596"
"176","rn436390477"
"177","rn436377692"
"178","rn436137880"
"179","rn435980215"
"180","rn435904652"
"181","rn435764827"
"182","rn435655471"
"183","rn435467150"
"184","rn435457252"
"185","rn435365852"
"186","rn434994656"
"187","rn434964935"
"188","rn434902743"
"189","rn434836013"
"190","rn434833191"
"191","rn434642565"
"192","rn434548631"
"193","rn433864066"
"194","rn433837937"
"195","rn433827488"
"196","rn433723309"
"197","rn433691615"
"198","rn433640268"
"199","rn433538763"
"200","rn433513743"
"201","rn433379640"
"202","rn433057824"
"203","rn433026584"
"204","rn432545490"
"205","rn432396220"
"206","rn432389524"
"207","rn432245979"
"208","rn432225750"
"209","rn432058909"
"210","rn431969752"
"211","rn431924211"
"212","rn431903662"
"213","rn431807727"
"214","rn431458802"
"215","rn431362838"
"216","rn431262916"
"217","rn430988598"
"218","rn430986764"
"219","rn430923602"
"220","rn430800268"
"221","rn430700856"
"222","rn430693686"
"223","rn430662149"
"224","rn430517839"
"225","rn430072855"
"226","rn430043339"
"227","rn429911469"
"228","rn429800806"
"229","rn429704012"
"230","rn429504205"
"231","rn429489512"
"232","rn429465386"
"233","rn429452929"
"234","rn429304162"
"235","rn429285901"
"236","rn429179439"
"237","rn429171278"
"238","rn429136378"
"239","rn429023678"
"240","rn428963066"
"241","rn428931130"
"242","rn428820620"
"243","rn428612343"
"244","rn428605758"
"245","rn428501395"
"246","rn428452422"
"247","rn428349275"
"248","rn428197025"
"249","rn427786480"
"250","rn427769695"
"251","rn427762520"
"252","rn427694623"
"253","rn427653019"
"254","rn427619381"
"255","rn427597443"
"256","rn427429159"
"257","rn427331050"
"258","rn427230281"
"259","rn426863724"
"260","rn426795303"
"261","rn426501010"
"262","rn426308410"
"263","rn426221717"
"264","rn426122091"
"265","rn426036684"
"266","rn426025793"
"267","rn426023878"
"268","rn425922609"
"269","rn425896042"
"270","rn425873307"
"271","rn425814366"
"272","rn425770603"
"273","rn425671747"
"274","rn425642984"
"275","rn425337374"
"276","rn425125221"
"277","rn425095081"
"278","rn425062201"
"279","rn424926539"
"280","rn424808505"
"281","rn424696702"
"282","rn424686162"
"283","rn424615189"
"284","rn424042163"
"285","rn423971066"
"286","rn423962410"
"287","rn423901692"
"288","rn423723766"
"289","rn423519647"
"290","rn423007977"
"291","rn422929080"
"292","rn422842449"
"293","rn422817998"
"294","rn422589686"
"295","rn422496209"
"296","rn422490166"
"297","rn422327108"
"298","rn422315068"
"299","rn421849148"
"300","rn421777435"
"301","rn421591498"
"302","rn421578860"
"303","rn421513330"
"304","rn421462693"
"305","rn421070070"
"306","rn420880060"
"307","rn420640907"
"308","rn420616309"
"309","rn420532247"
"310","rn420468821"
"311","rn420415547"
"312","rn419951176"
"313","rn419758718"
"314","rn419636023"
"315","rn419352926"
"316","rn419184378"
"317","rn418506428"
"318","rn418453652"
"319","rn418310971"
"320","rn418160498"
"321","rn418148815"
"322","rn417951684"
"323","rn417749013"
"324","rn417718387"
"325","rn417590306"
"326","rn417256505"
"327","rn417255833"
"328","rn416919784"
"329","rn416189355"
"330","rn415830417"
"331","rn415779210"
"332","rn415263580"
"333","rn414432988"
"334","rn414348369"
"335","rn413735852"
"336","rn413419282"
"337","rn413308757"
"338","rn413078980"
"339","rn412574062"
"340","rn412495258"
"341","rn412389336"
"342","rn412192554"
"343","rn411992509"
"344","rn411771529"
"345","rn411111064"
"346","rn410947420"
"347","rn410642027"
"348","rn410630579"
"349","rn410558029"
"350","rn410494452"
"351","rn410247093"
"352","rn409856116"
"353","rn409767827"
"354","rn409472517"
"355","rn409152101"
"356","rn408992495"
"357","rn408872719"
"358","rn408182493"
"359","rn407846547"
"360","rn407314790"
"361","rn406913396"
"362","rn406722082"
"363","rn405936330"
"364","rn405882762"
"365","rn405395685"
"366","rn404440704"
"367","rn404376942"
"368","rn404050568"
"369","rn403888603"
"370","rn403790132"
"371","rn403639960"
"372","rn403452753"
"373","rn403354653"
"374","rn403138800"
"375","rn403107335"
"376","rn402995006"
"377","rn402989931"
"378","rn402769677"
"379","rn402600469"
"380","rn402522368"
"381","rn402471452"
"382","rn402207740"
"383","rn401948657"
"384","rn401945864"
"385","rn401735873"
"386","rn401724627"
"387","rn401611836"
"388","rn401533475"
"389","rn401506060"
"390","rn401428674"
"391","rn400790892"
"392","rn400749342"
"393","rn400587227"
"394","rn400510573"
"395","rn400375947"
"396","rn400072655"
"397","rn400066296"
"398","rn400053035"
"399","rn399518425"
"400","rn399502033"
"401","rn399013429"
"402","rn398925504"
"403","rn398835698"
"404","rn398714781"
"405","rn398427759"
"406","rn398043559"
"407","rn397597814"
"408","rn397280720"
"409","rn397258108"
"410","rn397192808"
"411","rn396923832"
"412","rn396800036"
"413","rn396698643"
"414","rn396212851"
"415","rn396121357"
"416","rn396095201"
"417","rn396086915"
"418","rn394851449"
"419","rn394767288"
"420","rn394513293"
"421","rn394050814"
"422","rn393985441"
"423","rn393929987"
"424","rn393476491"
"425","rn393417909"
"426","rn393027602"
"427","rn392843165"
"428","rn392633335"
"429","rn392597510"
"430","rn392516235"
"431","rn392500528"
"432","rn392193338"
"433","rn392070496"
"434","rn392005558"
"435","rn391967951"
"436","rn391258070"
"437","rn390892585"
"438","rn390003921"
"439","rn389958128"
"440","rn389917763"
"441","rn389519025"
"442","rn389433885"
"443","rn389385129"
"444","rn389098689"
"445","rn389033309"
"446","rn388774486"
"447","rn388451115"
"448","rn388441590"
"449","rn388376051"
"450","rn387824219"
"451","rn387816262"
"452","rn387802893"
"453","rn387668748"
"454","rn387660807"
"455","rn387320012"
"456","rn386886366"
"457","rn386869446"
"458","rn386632957"
"459","rn386506143"
"460","rn386242786"
"461","rn386096085"
"462","rn385806228"
"463","rn385539683"
"464","rn385493384"
"465","rn385485811"
"466","rn385323934"
"467","rn385276752"
"468","rn385048673"
"469","rn385046454"
"470","rn384998811"
"471","rn384835205"
"472","rn384664884"
"473","rn384488119"
"474","rn384405764"
"475","rn383706753"
"476","rn383637690"
"477","rn383637129"
"478","rn383248252"
"479","rn383058885"
"480","rn382907066"
"481","rn382818890"
"482","rn382138035"
"483","rn382069110"
"484","rn381518387"
"485","rn381467573"
"486","rn381453952"
"487","rn381250401"
"488","rn381217684"
"489","rn381207714"
"490","rn381168384"
"491","rn380993530"
"492","rn380952043"
"493","rn380918542"
"494","rn380644418"
"495","rn380581358"
"496","rn380380763"
"497","rn380280361"
"498","rn380186102"
"499","rn380169944"
"500","rn379955715"
"501","rn379820670"
"502","rn379501009"
"503","rn379484320"
"504","rn379419477"
"505","rn379396697"
"506","rn378783860"
"507","rn378718675"
"508","rn378634880"
"509","rn378506526"
"510","rn378477714"
"511","rn378265359"
"512","rn378188700"
"513","rn377678873"
"514","rn377540120"
"515","rn377531868"
"516","rn377389535"
"517","rn377330563"
"518","rn377218958"
"519","rn377137299"
"520","rn376928116"
"521","rn376829762"
"522","rn376589184"
"523","rn376577690"
"524","rn376423630"
"525","rn376252311"
"526","rn376189463"
"527","rn376130742"
"528","rn376113474"
"529","rn376100974"
"530","rn376068339"
"531","rn375954291"
"532","rn375920516"
"533","rn375833269"
"534","rn375590659"
"535","rn375551295"
"536","rn375517225"
"537","rn375502911"
"538","rn375495819"
"539","rn375320269"
"540","rn375284638"
"541","rn375226851"
"542","rn375070426"
"543","rn374893520"
"544","rn374631943"
"545","rn374588611"
"546","rn374281075"
"547","rn374206424"
"548","rn374098605"
"549","rn374003928"
"550","rn373977515"
"551","rn373906299"
"552","rn373839791"
"553","rn373740808"
"554","rn373692092"
"555","rn373690820"
"556","rn373566007"
"557","rn373476689"
"558","rn373381430"
"559","rn372927992"
"560","rn372857424"
"561","rn372823144"
"562","rn372717946"
"563","rn372049299"
"564","rn371943291"
"565","rn371448331"
"566","rn371372329"
"567","rn371294306"
"568","rn371217373"
"569","rn370737788"
"570","rn370727713"
"571","rn370673846"
"572","rn370280942"
"573","rn370069032"
"574","rn370045297"
"575","rn370010034"
"576","rn369922644"
"577","rn369906109"
"578","rn369843333"
"579","rn369761994"
"580","rn369524961"
"581","rn369352915"
"582","rn369350035"
"583","rn369321584"
"584","rn369069080"
"585","rn369041797"
"586","rn368888911"
"587","rn368401423"
"588","rn368370616"
"589","rn368275136"
"590","rn368222858"
"591","rn368202674"
"592","rn368177031"
"593","rn368129776"
"594","rn368074597"
"595","rn367844110"
"596","rn367733248"
"597","rn367709532"
"598","rn367667653"
"599","rn367439244"
"600","rn367354881"
"601","rn367265750"
"602","rn367242712"
"603","rn367210627"
"604","rn367098317"
"605","rn367030938"
"606","rn366763402"
"607","rn366757858"
"608","rn366558160"
"609","rn366518749"
"610","rn366510470"
"611","rn366433161"
"612","rn366347267"
"613","rn365969981"
"614","rn365808328"
"615","rn365772427"
"616","rn365764607"
"617","rn365754635"
"618","rn365748173"
"619","rn365385128"
"620","rn365235639"
"621","rn365158663"
"622","rn365065715"
"623","rn364950422"
"624","rn364889230"
"625","rn364793672"
"626","rn364773098"
"627","rn364413196"
"628","rn364364148"
"629","rn364282791"
"630","rn364170126"
"631","rn364145358"
"632","rn364084866"
"633","rn363952002"
"634","rn363631277"
"635","rn363517387"
"636","rn363165085"
"637","rn363126489"
"638","rn363118923"
"639","rn362886864"
"640","rn362693653"
"641","rn362673303"
"642","rn362526633"
"643","rn362509015"
"644","rn362135583"
"645","rn362085304"
"646","rn362075601"
"647","rn361655730"
"648","rn361544871"
"649","rn361531937"
"650","rn361396497"
"651","rn361292568"
"652","rn361092512"
"653","rn360826364"
"654","rn360440581"
"655","rn360329415"
"656","rn360259258"
"657","rn360031464"
"658","rn359953884"
"659","rn359932286"
"660","rn359892768"
"661","rn359817902"
"662","rn359678475"
"663","rn359467885"
"664","rn359348848"
"665","rn359332823"
"666","rn359128726"
"667","rn359064523"
"668","rn358951226"
"669","rn358810816"
"670","rn358773803"
"671","rn358732342"
"672","rn358657642"
"673","rn358363056"
"674","rn358345132"
"675","rn358332831"
"676","rn358329036"
"677","rn358287741"
"678","rn358218386"
"679","rn358128764"
"680","rn357888068"
"681","rn357877223"
"682","rn357832588"
"683","rn357737457"
"684","rn357727605"
"685","rn357724212"
"686","rn357658507"
"687","rn357651275"
"688","rn357091437"
"689","rn357066836"
"690","rn357058356"
"691","rn357040081"
"692","rn356970814"
"693","rn356439311"
"694","rn356431921"
"695","rn356158043"
"696","rn356147940"
"697","rn355961663"
"698","rn355877097"
"699","rn355752089"
"700","rn355694381"
"701","rn355573837"
"702","rn355546699"
"703","rn355406456"
"704","rn355335697"
"705","rn355326441"
"706","rn355189664"
"707","rn355139646"
"708","rn355122711"
"709","rn355066944"
"710","rn354908681"
"711","rn354748759"
"712","rn354659125"
"713","rn354319131"
"714","rn353963886"
"715","rn353931478"
"716","rn353739920"
"717","rn353600291"
"718","rn353506785"
"719","rn353448162"
"720","rn353108612"
"721","rn353101022"
"722","rn352913379"
"723","rn352835001"
"724","rn352830176"
"725","rn352748873"
"726","rn352718325"
"727","rn352337580"
"728","rn352034622"
"729","rn351843461"
"730","rn351457882"
"731","rn351150821"
"732","rn350907635"
"733","rn350887414"
"734","rn350830508"
"735","rn350674987"
"736","rn350627764"
"737","rn350481002"
"738","rn350070056"
"739","rn350006109"
"740","rn349207473"
"741","rn349120869"
"742","rn348971847"
"743","rn348902340"
"744","rn348879239"
"745","rn348853722"
"746","rn348650657"
"747","rn348637913"
"748","rn348582619"
"749","rn348572692"
"750","rn348372118"
"751","rn347718048"
"752","rn347626985"
"753","rn347228468"
"754","rn347166901"
"755","rn347073109"
"756","rn347039221"
"757","rn347003196"
"758","rn346585948"
"759","rn346555580"
"760","rn346257170"
"761","rn346160795"
"762","rn346133000"
"763","rn345913625"
"764","rn345898213"
"765","rn345465287"
"766","rn345233926"
"767","rn344738546"
"768","rn344622455"
"769","rn344577888"
"770","rn344534777"
"771","rn344483892"
"772","rn344069161"
"773","rn343946524"
"774","rn343769913"
"775","rn343648268"
"776","rn343466236"
"777","rn343389448"
"778","rn343235644"
"779","rn343127621"
"780","rn342705868"
"781","rn342563212"
"782","rn342255996"
"783","rn342084327"
"784","rn341773789"
"785","rn341759947"
"786","rn341736809"
"787","rn341534416"
"788","rn341528823"
"789","rn341479354"
"790","rn341454210"
"791","rn341246930"
"792","rn341175420"
"793","rn341062606"
"794","rn340985635"
"795","rn340809624"
"796","rn340744002"
"797","rn340603487"
"798","rn340108076"
"799","rn340052804"
"800","rn339961501"
"801","rn339692660"
"802","rn339171277"
"803","rn339083901"
"804","rn338954831"
"805","rn338944128"
"806","rn338167030"
"807","rn338025905"
"808","rn337952523"
"809","rn337864871"
"810","rn337782437"
"811","rn337746261"
"812","rn337581314"
"813","rn337343280"
"814","rn337240729"
"815","rn337204266"
"816","rn336911823"
"817","rn336855664"
"818","rn336269218"
"819","rn336221184"
"820","rn336132243"
"821","rn336039790"
"822","rn335761121"
"823","rn335585106"
"824","rn335535435"
"825","rn335230663"
"826","rn335033694"
"827","rn334735117"
"828","rn334379989"
"829","rn334119695"
"830","rn333695407"
"831","rn333592708"
"832","rn333458520"
"833","rn333267789"
"834","rn332850483"
"835","rn332403789"
"836","rn332179036"
"837","rn332075458"
"838","rn331955589"
"839","rn331761251"
"840","rn331516876"
"841","rn331350018"
"842","rn331229458"
"843","rn331125838"
"844","rn331105357"
"845","rn331099433"
"846","rn330673401"
"847","rn330652865"
"848","rn330619061"
"849","rn330383017"
"850","rn330361496"
"851","rn330102932"
"852","rn329979615"
"853","rn329900823"
"854","rn329810029"
"855","rn329725886"
"856","rn329706712"
"857","rn329648649"
"858","rn329594247"
"859","rn329522597"
"860","rn329518405"
"861","rn329165422"
"862","rn328808764"
"863","rn328149706"
"864","rn327969943"
"865","rn327793953"
"866","rn327663409"
"867","rn327188300"
"868","rn327141408"
"869","rn326990752"
"870","rn326764840"
"871","rn326716835"
"872","rn326620735"
"873","rn326444382"
"874","rn325596173"
"875","rn325494610"
"876","rn325397319"
"877","rn325275354"
"878","rn325246317"
"879","rn325035765"
"880","rn325020735"
"881","rn324986066"
"882","rn324984377"
"883","rn324971878"
"884","rn324947088"
"885","rn324877408"
"886","rn324807498"
"887","rn324738161"
"888","rn324622241"
"889","rn324496730"
"890","rn324368752"
"891","rn323995047"
"892","rn323881808"
"893","rn323863684"
"894","rn323496214"
"895","rn323249544"
"896","rn323021992"
"897","rn322833824"
"898","rn322702973"
"899","rn322689127"
"900","rn322465269"
"901","rn322324670"
"902","rn321959455"
"903","rn321691977"
"904","rn321209149"
"905","rn320917751"
"906","rn320886599"
"907","rn320224200"
"908","rn320221360"
"909","rn320158132"
"910","rn319897865"
"911","rn319882423"
"912","rn319868198"
"913","rn319639719"
"914","rn319611747"
"915","rn319538052"
"916","rn319490637"
"917","rn319305378"
"918","rn319104781"
"919","rn319049859"
"920","rn318702501"
"921","rn318700885"
"922","rn318621213"
"923","rn318561553"
"924","rn318442019"
"925","rn318070632"
"926","rn318030791"
"927","rn317745456"
"928","rn317712722"
"929","rn317637938"
"930","rn317566751"
"931","rn317421454"
"932","rn317413291"
"933","rn317342236"
"934","rn317243753"
"935","rn317201400"
"936","rn317065651"
"937","rn317027360"
"938","rn317022000"
"939","rn316920679"
"940","rn316915882"
"941","rn316869597"
"942","rn316673046"
"943","rn316660398"
"944","rn316447454"
"945","rn316426134"
"946","rn316372124"
"947","rn316213582"
"948","rn316115977"
"949","rn316074945"
"950","rn315888746"
"951","rn315811005"
"952","rn315766539"
"953","rn315667895"
"954","rn315631875"
"955","rn315560925"
"956","rn315498588"
"957","rn315433576"
"958","rn315408067"
"959","rn315366989"
"960","rn315356639"
"961","rn315226772"
"962","rn315131964"
"963","rn315079100"
"964","rn314747587"
"965","rn314720197"
"966","rn314689414"
"967","rn314488625"
"968","rn314456093"
"969","rn314429952"
"970","rn314342460"
"971","rn314121230"
"972","rn314058792"
"973","rn313866162"
"974","rn313818971"
"975","rn313817603"
"976","rn313380959"
"977","rn312499372"
"978","rn312497205"
"979","rn312410759"
"980","rn312375389"
"981","rn312351152"
"982","rn312155781"
"983","rn312091459"
"984","rn312038303"
"985","rn311992264"
"986","rn311827644"
"987","rn311823494"
"988","rn311566743"
"989","rn311554227"
"990","rn311526178"
"991","rn311306586"
"992","rn311214551"
"993","rn311209732"
"994","rn311094172"
"995","rn311087653"
"996","rn310539317"
"997","rn310496439"
"998","rn310371129"
"999","rn310332237"
"1000","rn310282559"
"1001","rn310259687"
"1002","rn309955488"
"1003","rn309729638"
"1004","rn309509969"
"1005","rn309404493"
"1006","rn308457038"
"1007","rn308430380"
"1008","rn308385316"
"1009","rn308105306"
"1010","rn307819247"
"1011","rn307713946"
"1012","rn307638215"
"1013","rn307288662"
"1014","rn307200303"
"1015","rn306989421"
"1016","rn306775881"
"1017","rn306718239"
"1018","rn306354051"
"1019","rn305776009"
"1020","rn305710837"
"1021","rn305591036"
"1022","rn305470295"
"1023","rn304808514"
"1024","rn304694955"
"1025","rn304329646"
"1026","rn304200652"
"1027","rn304018182"
"1028","rn303873361"
"1029","rn303687222"
"1030","rn303490677"
"1031","rn302617610"
"1032","rn302510587"
"1033","rn301885499"
"1034","rn301844937"
"1035","rn301687186"
"1036","rn301378593"
"1037","rn301111904"
"1038","rn300212858"
"1039","rn299611232"
"1040","rn299258173"
"1041","rn298418052"
"1042","rn297790608"
"1043","rn296926274"
"1044","rn296891025"
"1045","rn296606130"
"1046","rn296557836"
"1047","rn296485117"
"1048","rn296443399"
"1049","rn296417062"
"1050","rn296174971"
"1051","rn295567342"
"1052","rn295173314"
"1053","rn295114674"
"1054","rn294472890"
"1055","rn294386368"
"1056","rn294005340"
"1057","rn293825140"
"1058","rn293679448"
"1059","rn293148473"
"1060","rn293105808"
"1061","rn292812462"
"1062","rn292706589"
"1063","rn292648568"
"1064","rn292283427"
"1065","rn292128928"
"1066","rn291979594"
"1067","rn291840067"
"1068","rn291546123"
"1069","rn291095789"
"1070","rn291061849"
"1071","rn291012373"
"1072","rn290822813"
"1073","rn290482536"
"1074","rn290399730"
"1075","rn290177822"
"1076","rn290092122"
"1077","rn290034904"
"1078","rn289771564"
"1079","rn289689821"
"1080","rn289642855"
"1081","rn289369834"
"1082","rn289255580"
"1083","rn288662342"
"1084","rn288597867"
"1085","rn288588877"
"1086","rn288334582"
"1087","rn288258315"
"1088","rn288023147"
"1089","rn287698600"
"1090","rn287599172"
"1091","rn287362291"
"1092","rn287276006"
"1093","rn287121160"
"1094","rn287025779"
"1095","rn286748519"
"1096","rn286687425"
"1097","rn286686904"
"1098","rn286635341"
"1099","rn286418853"
"1100","rn286370276"
"1101","rn285930353"
"1102","rn285851806"
"1103","rn285619079"
"1104","rn285283254"
"1105","rn285142719"
"1106","rn285123883"
"1107","rn285100713"
"1108","rn284956118"
"1109","rn284764578"
"1110","rn284601594"
"1111","rn284563386"
"1112","rn284511567"
"1113","rn284510830"
"1114","rn284461033"
"1115","rn284320594"
"1116","rn284237239"
"1117","rn283987650"
"1118","rn283944052"
"1119","rn283763388"
"1120","rn283671568"
"1121","rn283665055"
"1122","rn283541963"
"1123","rn283145684"
"1124","rn282919445"
"1125","rn282760568"
"1126","rn282686208"
"1127","rn282411980"
"1128","rn282387699"
"1129","rn282246133"
"1130","rn282227578"
"1131","rn282213526"
"1132","rn282083170"
"1133","rn281901869"
"1134","rn281533049"
"1135","rn281404940"
"1136","rn281287741"
"1137","rn281233377"
"1138","rn281192982"
"1139","rn281183017"
"1140","rn281146409"
"1141","rn281112259"
"1142","rn280977916"
"1143","rn280880758"
"1144","rn280880380"
"1145","rn280622287"
"1146","rn280455518"
"1147","rn280426371"
"1148","rn280399748"
"1149","rn280326015"
"1150","rn280325696"
"1151","rn279876427"
"1152","rn279813678"
"1153","rn279785922"
"1154","rn279619651"
"1155","rn279618002"
"1156","rn279585119"
"1157","rn279554756"
"1158","rn279502289"
"1159","rn279428026"
"1160","rn279336691"
"1161","rn279193826"
"1162","rn279010132"
"1163","rn278861286"
"1164","rn278859853"
"1165","rn278716741"
"1166","rn278548093"
"1167","rn278497433"
"1168","rn278350801"
"1169","rn278346447"
"1170","rn278167453"
"1171","rn278143417"
"1172","rn278086682"
"1173","rn277982698"
"1174","rn277919357"
"1175","rn277716611"
"1176","rn277704315"
"1177","rn277663436"
"1178","rn277641100"
"1179","rn277612752"
"1180","rn277576762"
"1181","rn277107151"
"1182","rn277105147"
"1183","rn276585961"
"1184","rn276325628"
"1185","rn276302482"
"1186","rn276010812"
"1187","rn275866255"
"1188","rn275789689"
"1189","rn275765511"
"1190","rn275375209"
"1191","rn275367760"
"1192","rn275326030"
"1193","rn275298322"
"1194","rn275161630"
"1195","rn275156371"
"1196","rn275092256"
"1197","rn274820242"
"1198","rn274730198"
"1199","rn274718169"
"1200","rn274446306"
"1201","rn274413451"
"1202","rn274112757"
"1203","rn274088532"
"1204","rn273929491"
"1205","rn273731185"
"1206","rn273673105"
"1207","rn273620799"
"1208","rn273599320"
"1209","rn273495764"
"1210","rn273408516"
"1211","rn273179149"
"1212","rn273092174"
"1213","rn272974273"
"1214","rn272764222"
"1215","rn272707495"
"1216","rn272577878"
"1217","rn272567602"
"1218","rn272379439"
"1219","rn272191278"
"1220","rn272024596"
"1221","rn271883080"
"1222","rn271802469"
"1223","rn271795512"
"1224","rn271768972"
"1225","rn271561689"
"1226","rn271537953"
"1227","rn271474299"
"1228","rn271402729"
"1229","rn270723179"
"1230","rn270681322"
"1231","rn270550976"
"1232","rn270406136"
"1233","rn270394402"
"1234","rn270323137"
"1235","rn270298983"
"1236","rn269947770"
"1237","rn269939266"
"1238","rn269576270"
"1239","rn269297137"
"1240","rn268926026"
"1241","rn268759404"
"1242","rn268273071"
"1243","rn268178171"
"1244","rn268043923"
"1245","rn267885305"
"1246","rn267736840"
"1247","rn267713469"
"1248","rn267709937"
"1249","rn267568553"
"1250","rn267536499"
"1251","rn267488219"
"1252","rn267297103"
"1253","rn267027770"
"1254","rn267026592"
"1255","rn266861273"
"1256","rn266505666"
"1257","rn266078929"
"1258","rn265920388"
"1259","rn265746819"
"1260","rn265745204"
"1261","rn265340626"
"1262","rn265104419"
"1263","rn265023582"
"1264","rn264969879"
"1265","rn264852327"
"1266","rn264747561"
"1267","rn264725536"
"1268","rn264670170"
"1269","rn264263886"
"1270","rn263973739"
"1271","rn263011179"
"1272","rn262827801"
"1273","rn262624429"
"1274","rn262194697"
"1275","rn261986781"
"1276","rn261774467"
"1277","rn261634273"
"1278","rn261628150"
"1279","rn261407152"
"1280","rn261374287"
"1281","rn261349405"
"1282","rn261104674"
"1283","rn261037699"
"1284","rn260706821"
"1285","rn260647649"
"1286","rn260627198"
"1287","rn260510687"
"1288","rn260399427"
"1289","rn260123220"
"1290","rn259733958"
"1291","rn259253416"
"1292","rn258820890"
"1293","rn258655347"
"1294","rn258444649"
"1295","rn258263848"
"1296","rn258179112"
"1297","rn257970929"
"1298","rn257925707"
"1299","rn257870306"
"1300","rn257838425"
"1301","rn257830701"
"1302","rn257726579"
"1303","rn257406509"
"1304","rn257370157"
"1305","rn257361900"
"1306","rn256941900"
"1307","rn256662448"
"1308","rn256486113"
"1309","rn256474726"
"1310","rn256426590"
"1311","rn256237298"
"1312","rn256230797"
"1313","rn256105969"
"1314","rn255848556"
"1315","rn255834808"
"1316","rn255814034"
"1317","rn255616396"
"1318","rn255534434"
"1319","rn255149029"
"1320","rn255051514"
"1321","rn255028590"
"1322","rn255023512"
"1323","rn255012862"
"1324","rn254901019"
"1325","rn254545250"
"1326","rn254495062"
"1327","rn254460554"
"1328","rn254268940"
"1329","rn254198774"
"1330","rn254096564"
"1331","rn254007996"
"1332","rn253969303"
"1333","rn253859545"
"1334","rn253702476"
"1335","rn253700526"
"1336","rn253173449"
"1337","rn253134672"
"1338","rn253037997"
"1339","rn252987511"
"1340","rn252707636"
"1341","rn252469335"
"1342","rn252328865"
"1343","rn252305980"
"1344","rn252291598"
"1345","rn252267308"
"1346","rn252102684"
"1347","rn251999003"
"1348","rn251956575"
"1349","rn251837678"
"1350","rn251338882"
"1351","rn251318429"
"1352","rn251294360"
"1353","rn250995058"
"1354","rn250248040"
"1355","rn250137273"
"1356","rn249140887"
"1357","rn248872944"
"1358","rn248796227"
"1359","rn247847634"
"1360","rn247614048"
"1361","rn247592704"
"1362","rn247494306"
"1363","rn247270039"
"1364","rn247175309"
"1365","rn247140292"
"1366","rn247049526"
"1367","rn247043692"
"1368","rn246907500"
"1369","rn246707446"
"1370","rn246590823"
"1371","rn246360169"
"1372","rn245990619"
"1373","rn245918144"
"1374","rn245826053"
"1375","rn245543943"
"1376","rn245515354"
"1377","rn245456873"
"1378","rn245420538"
"1379","rn245230825"
"1380","rn245228148"
"1381","rn245227518"
"1382","rn245226090"
"1383","rn244974528"
"1384","rn244853967"
"1385","rn244733310"
"1386","rn244412973"
"1387","rn244259849"
"1388","rn244101700"
"1389","rn244038754"
"1390","rn243947548"
"1391","rn243919995"
"1392","rn243883196"
"1393","rn243536973"
"1394","rn243534940"
"1395","rn242984569"
"1396","rn242709815"
"1397","rn242709135"
"1398","rn242626638"
"1399","rn242584157"
"1400","rn242574916"
"1401","rn242514158"
"1402","rn242509021"
"1403","rn242441075"
"1404","rn242385262"
"1405","rn242357862"
"1406","rn242320040"
"1407","rn242200232"
"1408","rn242198924"
"1409","rn242178052"
"1410","rn242132426"
"1411","rn241957241"
"1412","rn241761579"
"1413","rn241628652"
"1414","rn241579166"
"1415","rn241522342"
"1416","rn241393041"
"1417","rn241259960"
"1418","rn241179589"
"1419","rn241159174"
"1420","rn241142842"
"1421","rn241020591"
"1422","rn240949901"
"1423","rn240812159"
"1424","rn240713736"
"1425","rn240516305"
"1426","rn240320132"
"1427","rn240309806"
"1428","rn240213467"
"1429","rn240001473"
"1430","rn239946204"
"1431","rn239534826"
"1432","rn239499977"
"1433","rn239431251"
"1434","rn239430699"
"1435","rn239354744"
"1436","rn239319813"
"1437","rn239248108"
"1438","rn239233564"
"1439","rn239175476"
"1440","rn238898629"
"1441","rn238869462"
"1442","rn238770329"
"1443","rn238625642"
"1444","rn238290830"
"1445","rn238157876"
"1446","rn238041225"
"1447","rn237961704"
"1448","rn237603605"
"1449","rn237462312"
"1450","rn237441828"
"1451","rn237364117"
"1452","rn237345313"
"1453","rn237338321"
"1454","rn237316529"
"1455","rn237004763"
"1456","rn236919175"
"1457","rn236892208"
"1458","rn236867931"
"1459","rn236657010"
"1460","rn236378170"
"1461","rn236305573"
"1462","rn236111398"
"1463","rn236095451"
"1464","rn235957191"
"1465","rn235902761"
"1466","rn235862422"
"1467","rn235789378"
"1468","rn235666840"
"1469","rn235652517"
"1470","rn235652299"
"1471","rn235587916"
"1472","rn235412768"
"1473","rn235376781"
"1474","rn235339540"
"1475","rn235305148"
"1476","rn235267654"
"1477","rn235234379"
"1478","rn235209472"
"1479","rn235058950"
"1480","rn235016261"
"1481","rn234915286"
"1482","rn234886915"
"1483","rn234787363"
"1484","rn234609353"
"1485","rn234558668"
"1486","rn234537933"
"1487","rn234368942"
"1488","rn234352305"
"1489","rn234317190"
"1490","rn234181073"
"1491","rn233919476"
"1492","rn233829316"
"1493","rn233512854"
"1494","rn233460093"
"1495","rn233164288"
"1496","rn233095011"
"1497","rn232924069"
"1498","rn232872497"
"1499","rn232706681"
"1500","rn232610604"
"1501","rn232321390"
"1502","rn232165998"
"1503","rn232071960"
"1504","rn232063940"
"1505","rn231678122"
"1506","rn231619846"
"1507","rn231438194"
"1508","rn231400578"
"1509","rn231400073"
"1510","rn231181207"
"1511","rn230987230"
"1512","rn230726117"
"1513","rn230567808"
"1514","rn230548042"
"1515","rn230460855"
"1516","rn230414083"
"1517","rn230341592"
"1518","rn230306215"
"1519","rn230254192"
"1520","rn230245354"
"1521","rn230187433"
"1522","rn230062554"
"1523","rn229914923"
"1524","rn229801908"
"1525","rn229685779"
"1526","rn229629490"
"1527","rn229616482"
"1528","rn229449189"
"1529","rn229422976"
"1530","rn229390617"
"1531","rn229186355"
"1532","rn229129499"
"1533","rn228473860"
"1534","rn228429289"
"1535","rn228373803"
"1536","rn228098755"
"1537","rn228073007"
"1538","rn227534457"
"1539","rn227483893"
"1540","rn227449824"
"1541","rn227129176"
"1542","rn226791631"
"1543","rn226602562"
"1544","rn226145119"
"1545","rn226108606"
"1546","rn226007356"
"1547","rn225798322"
"1548","rn225755041"
"1549","rn225732735"
"1550","rn225658006"
"1551","rn225364210"
"1552","rn225313270"
"1553","rn225288902"
"1554","rn224900510"
"1555","rn224438426"
"1556","rn224347527"
"1557","rn224255666"
"1558","rn223828731"
"1559","rn223569390"
"1560","rn223522234"
"1561","rn223382076"
"1562","rn223355479"
"1563","rn223235640"
"1564","rn222911134"
"1565","rn222642012"
"1566","rn222231079"
"1567","rn222224599"
"1568","rn222061845"
"1569","rn221951800"
"1570","rn221825466"
"1571","rn221678053"
"1572","rn221582808"
"1573","rn221541663"
"1574","rn221428591"
"1575","rn221389623"
"1576","rn221301007"
"1577","rn221299454"
"1578","rn221037651"
"1579","rn221028120"
"1580","rn220586870"
"1581","rn220441302"
"1582","rn220403862"
"1583","rn220206368"
"1584","rn220141690"
"1585","rn219973989"
"1586","rn219897553"
"1587","rn219842026"
"1588","rn219616067"
"1589","rn219507765"
"1590","rn219259627"
"1591","rn218915186"
"1592","rn218675827"
"1593","rn218653510"
"1594","rn218629129"
"1595","rn218628974"
"1596","rn218456969"
"1597","rn218282603"
"1598","rn218148621"
"1599","rn218020042"
"1600","rn217892998"
"1601","rn217883146"
"1602","rn217452781"
"1603","rn217314713"
"1604","rn217128330"
"1605","rn217093716"
"1606","rn217075354"
"1607","rn216937368"
"1608","rn216455370"
"1609","rn216418888"
"1610","rn216382666"
"1611","rn215946365"
"1612","rn215941135"
"1613","rn215785892"
"1614","rn215464488"
"1615","rn215323163"
"1616","rn215163358"
"1617","rn214869097"
"1618","rn214842577"
"1619","rn214621846"
"1620","rn214505173"
"1621","rn214435611"
"1622","rn214398038"
"1623","rn214283147"
"1624","rn214221930"
"1625","rn214182971"
"1626","rn214166032"
"1627","rn214151718"
"1628","rn213999428"
"1629","rn213352005"
"1630","rn213305118"
"1631","rn213302245"
"1632","rn213183005"
"1633","rn213148234"
"1634","rn213125951"
"1635","rn213056327"
"1636","rn212935602"
"1637","rn212848968"
"1638","rn212776232"
"1639","rn212731532"
"1640","rn212716724"
"1641","rn212560852"
"1642","rn212317857"
"1643","rn212300050"
"1644","rn212076550"
"1645","rn212055892"
"1646","rn211838228"
"1647","rn211713193"
"1648","rn211559271"
"1649","rn211304262"
"1650","rn211179745"
"1651","rn211160183"
"1652","rn210763226"
"1653","rn210707163"
"1654","rn210582825"
"1655","rn210338244"
"1656","rn210245399"
"1657","rn210224651"
"1658","rn210193537"
"1659","rn210093152"
"1660","rn210007884"
"1661","rn209970347"
"1662","rn209890303"
"1663","rn209628520"
"1664","rn209619247"
"1665","rn209588948"
"1666","rn209587671"
"1667","rn209581044"
"1668","rn209553233"
"1669","rn209503739"
"1670","rn209460705"
"1671","rn209400252"
"1672","rn209381452"
"1673","rn209232301"
"1674","rn208985885"
"1675","rn208974695"
"1676","rn208602182"
"1677","rn208262065"
"1678","rn207846446"
"1679","rn207816068"
"1680","rn207807535"
"1681","rn207787932"
"1682","rn207603091"
"1683","rn207536262"
"1684","rn207508535"
"1685","rn207396005"
"1686","rn207385893"
"1687","rn207213022"
"1688","rn207201991"
"1689","rn207113197"
"1690","rn206679940"
"1691","rn206665265"
"1692","rn206632180"
"1693","rn206630986"
"1694","rn206516017"
"1695","rn206135313"
"1696","rn206092908"
"1697","rn205956416"
"1698","rn205948127"
"1699","rn205872906"
"1700","rn205519125"
"1701","rn205347677"
"1702","rn205265857"
"1703","rn205124216"
"1704","rn205029570"
"1705","rn204905303"
"1706","rn204708686"
"1707","rn204699602"
"1708","rn204589255"
"1709","rn204443255"
"1710","rn204439964"
"1711","rn204292044"
"1712","rn204288752"
"1713","rn204144162"
"1714","rn203999268"
"1715","rn203834735"
"1716","rn203726764"
"1717","rn203506261"
"1718","rn203109199"
"1719","rn202883753"
"1720","rn202881725"
"1721","rn202857260"
"1722","rn202261825"
"1723","rn202203091"
"1724","rn202028556"
"1725","rn201921750"
"1726","rn201835259"
"1727","rn201511781"
"1728","rn201367917"
"1729","rn201169129"
"1730","rn201128315"
"1731","rn201029651"
"1732","rn200908271"
"1733","rn200875332"
"1734","rn200838134"
"1735","rn200834475"
"1736","rn200787434"
"1737","rn200680623"
"1738","rn200650362"
"1739","rn200565735"
"1740","rn200505906"
"1741","rn200318030"
"1742","rn200224098"
"1743","rn199824098"
"1744","rn199585497"
"1745","rn199443210"
"1746","rn199200227"
"1747","rn199178395"
"1748","rn199079789"
"1749","rn198810284"
"1750","rn198228344"
"1751","rn198118349"
"1752","rn197875376"
"1753","rn197631186"
"1754","rn197590008"
"1755","rn197579756"
"1756","rn197515996"
"1757","rn197079551"
"1758","rn196965063"
"1759","rn196848512"
"1760","rn196841836"
"1761","rn196625748"
"1762","rn196463065"
"1763","rn196454611"
"1764","rn196421919"
"1765","rn196136245"
"1766","rn195905198"
"1767","rn195791487"
"1768","rn195685285"
"1769","rn195658165"
"1770","rn195551786"
"1771","rn194960077"
"1772","rn194802484"
"1773","rn194707212"
"1774","rn194599436"
"1775","rn194384673"
"1776","rn194366782"
"1777","rn194297330"
"1778","rn194181866"
"1779","rn194041844"
"1780","rn194014189"
"1781","rn193791742"
"1782","rn193341670"
"1783","rn193289457"
"1784","rn193198599"
"1785","rn192686239"
"1786","rn192476443"
"1787","rn192435412"
"1788","rn192356090"
"1789","rn192195338"
"1790","rn191887523"
"1791","rn191820928"
"1792","rn191628715"
"1793","rn191155478"
"1794","rn191138800"
"1795","rn191052038"
"1796","rn190877371"
"1797","rn190666412"
"1798","rn190511257"
"1799","rn190425042"
"1800","rn190385182"
"1801","rn190300424"
"1802","rn190020631"
"1803","rn189330124"
"1804","rn189198495"
"1805","rn189166805"
"1806","rn189166320"
"1807","rn189163450"
"1808","rn189112504"
"1809","rn188724056"
"1810","rn188554269"
"1811","rn188548625"
"1812","rn188473289"
"1813","rn187988435"
"1814","rn187874765"
"1815","rn187689908"
"1816","rn187630514"
"1817","rn187601839"
"1818","rn186907674"
"1819","rn186544036"
"1820","rn186524834"
"1821","rn186287090"
"1822","rn186064360"
"1823","rn186055269"
"1824","rn186049499"
"1825","rn185967964"
"1826","rn185891652"
"1827","rn185867276"
"1828","rn185600267"
"1829","rn185496450"
"1830","rn184787693"
"1831","rn184762877"
"1832","rn184625873"
"1833","rn184576932"
"1834","rn184459281"
"1835","rn184099398"
"1836","rn183899432"
"1837","rn183724913"
"1838","rn183506857"
"1839","rn183282249"
"1840","rn183226531"
"1841","rn183051409"
"1842","rn182878004"
"1843","rn182760728"
"1844","rn182605249"
"1845","rn182560843"
"1846","rn182366135"
"1847","rn182331801"
"1848","rn182218806"
"1849","rn182112815"
"1850","rn182096143"
"1851","rn182076281"
"1852","rn181927008"
"1853","rn181853981"
"1854","rn181711986"
"1855","rn181561516"
"1856","rn181411572"
"1857","rn181267998"
"1858","rn181263601"
"1859","rn181139930"
"1860","rn181112632"
"1861","rn181104832"
"1862","rn181064768"
"1863","rn181035800"
"1864","rn181013772"
"1865","rn180993168"
"1866","rn180822867"
"1867","rn180812832"
"1868","rn180782015"
"1869","rn180686418"
"1870","rn180659241"
"1871","rn180653930"
"1872","rn180531550"
"1873","rn180524224"
"1874","rn180441176"
"1875","rn180384485"
"1876","rn180280363"
"1877","rn180250566"
"1878","rn180223787"
"1879","rn180161111"
"1880","rn180098806"
"1881","rn180077133"
"1882","rn180070506"
"1883","rn180005809"
"1884","rn179992187"
"1885","rn179957744"
"1886","rn179892609"
"1887","rn179837393"
"1888","rn179713899"
"1889","rn179688271"
"1890","rn179635215"
"1891","rn179614596"
"1892","rn179603217"
"1893","rn179527469"
"1894","rn179008898"
"1895","rn178958524"
"1896","rn178865727"
"1897","rn178719368"
"1898","rn178692135"
"1899","rn178651514"
"1900","rn178397412"
"1901","rn178185303"
"1902","rn178178049"
"1903","rn178143274"
"1904","rn177926947"
"1905","rn177922426"
"1906","rn177897671"
"1907","rn177832135"
"1908","rn177761335"
"1909","rn177755760"
"1910","rn177755148"
"1911","rn177487298"
"1912","rn176966779"
"1913","rn176965577"
"1914","rn176771819"
"1915","rn176767094"
"1916","rn176689724"
"1917","rn176319538"
"1918","rn176252682"
"1919","rn176212024"
"1920","rn175611170"
"1921","rn175598485"
"1922","rn175421302"
"1923","rn174951319"
"1924","rn174802438"
"1925","rn174746684"
"1926","rn174693160"
"1927","rn174096977"
"1928","rn174047636"
"1929","rn174011622"
"1930","rn173361218"
"1931","rn173337476"
"1932","rn173026761"
"1933","rn172447514"
"1934","rn171585018"
"1935","rn171047236"
"1936","rn170922331"
"1937","rn170517432"
"1938","rn170438520"
"1939","rn170423909"
"1940","rn170360028"
"1941","rn170306587"
"1942","rn169689487"
"1943","rn169600657"
"1944","rn169590335"
"1945","rn169589183"
"1946","rn169519892"
"1947","rn169430286"
"1948","rn169201323"
"1949","rn169173375"
"1950","rn168909997"
"1951","rn168860719"
"1952","rn168734971"
"1953","rn168671595"
"1954","rn168651726"
"1955","rn168614825"
"1956","rn168281042"
"1957","rn168240145"
"1958","rn167822496"
"1959","rn167252757"
"1960","rn167154098"
"1961","rn167126091"
"1962","rn166994289"
"1963","rn166934233"
"1964","rn166666748"
"1965","rn166609653"
"1966","rn166516313"
"1967","rn166301579"
"1968","rn166236812"
"1969","rn166201111"
"1970","rn166192479"
"1971","rn166169717"
"1972","rn165947872"
"1973","rn165585585"
"1974","rn165528160"
"1975","rn165385409"
"1976","rn165061113"
"1977","rn165012854"
"1978","rn164984932"
"1979","rn164690683"
"1980","rn164610782"
"1981","rn164531187"
"1982","rn164435530"
"1983","rn164422142"
"1984","rn164420249"
"1985","rn164244142"
"1986","rn164213078"
"1987","rn164167282"
"1988","rn164126414"
"1989","rn164098524"
"1990","rn163867428"
"1991","rn163820960"
"1992","rn163747353"
"1993","rn163448710"
"1994","rn163438598"
"1995","rn163394936"
"1996","rn163267362"
"1997","rn163234431"
"1998","rn163215784"
"1999","rn163204760"
"2000","rn163196201"
"2001","rn163037511"
"2002","rn162869581"
"2003","rn162772486"
"2004","rn162413120"
"2005","rn162407261"
"2006","rn162344174"
"2007","rn162309390"
"2008","rn162254896"
"2009","rn162242356"
"2010","rn161952234"
"2011","rn161930162"
"2012","rn161877410"
"2013","rn161744380"
"2014","rn161722502"
"2015","rn161698494"
"2016","rn161357270"
"2017","rn161316710"
"2018","rn161086196"
"2019","rn160994088"
"2020","rn160928551"
"2021","rn160837800"
"2022","rn160691965"
"2023","rn160645577"
"2024","rn160397600"
"2025","rn160390325"
"2026","rn160361204"
"2027","rn160209473"
"2028","rn160179543"
"2029","rn160070268"
"2030","rn159985699"
"2031","rn159912980"
"2032","rn159907382"
"2033","rn159685513"
"2034","rn159620844"
"2035","rn159577841"
"2036","rn159307276"
"2037","rn159234579"
"2038","rn159167681"
"2039","rn159033353"
"2040","rn158954180"
"2041","rn158743154"
"2042","rn158683724"
"2043","rn158561327"
"2044","rn158530997"
"2045","rn158397233"
"2046","rn157962745"
"2047","rn157822336"
"2048","rn157742238"
"2049","rn157621840"
"2050","rn157604775"
"2051","rn157503785"
"2052","rn157199067"
"2053","rn157074648"
"2054","rn157055409"
"2055","rn157051629"
"2056","rn156868364"
"2057","rn156532737"
"2058","rn156468136"
"2059","rn156203735"
"2060","rn156166616"
"2061","rn156016448"
"2062","rn155922994"
"2063","rn155862783"
"2064","rn155792268"
"2065","rn155746203"
"2066","rn155612701"
"2067","rn155416628"
"2068","rn155358761"
"2069","rn155340639"
"2070","rn155198983"
"2071","rn155198585"
"2072","rn155176009"
"2073","rn155049740"
"2074","rn155042366"
"2075","rn155021526"
"2076","rn154779474"
"2077","rn154691635"
"2078","rn154195857"
"2079","rn154097942"
"2080","rn154087106"
"2081","rn153391531"
"2082","rn153141331"
"2083","rn153064377"
"2084","rn153038928"
"2085","rn153028065"
"2086","rn153024365"
"2087","rn152955243"
"2088","rn152553054"
"2089","rn152214462"
"2090","rn152186931"
"2091","rn152166916"
"2092","rn151884204"
"2093","rn151803776"
"2094","rn151616555"
"2095","rn151534359"
"2096","rn151451619"
"2097","rn151440576"
"2098","rn150995017"
"2099","rn150909413"
"2100","rn150659342"
"2101","rn150349602"
"2102","rn150341738"
"2103","rn150149405"
"2104","rn150101793"
"2105","rn150011569"
"2106","rn149882065"
"2107","rn149633067"
"2108","rn149631795"
"2109","rn149536352"
"2110","rn149520546"
"2111","rn149460902"
"2112","rn149334782"
"2113","rn149133763"
"2114","rn148968887"
"2115","rn148930738"
"2116","rn148444774"
"2117","rn148388876"
"2118","rn148186103"
"2119","rn147846252"
"2120","rn147813212"
"2121","rn147650565"
"2122","rn147450517"
"2123","rn147335351"
"2124","rn147281513"
"2125","rn146961948"
"2126","rn146906571"
"2127","rn146834824"
"2128","rn146643121"
"2129","rn146591090"
"2130","rn146449400"
"2131","rn146210292"
"2132","rn146061034"
"2133","rn145911974"
"2134","rn145758348"
"2135","rn145627689"
"2136","rn145310038"
"2137","rn145043958"
"2138","rn144954370"
"2139","rn144954334"
"2140","rn144949853"
"2141","rn144880600"
"2142","rn144788476"
"2143","rn144784604"
"2144","rn144782039"
"2145","rn144707340"
"2146","rn144663782"
"2147","rn144593922"
"2148","rn144543728"
"2149","rn144265148"
"2150","rn144162878"
"2151","rn144110371"
"2152","rn144072878"
"2153","rn144066804"
"2154","rn143981026"
"2155","rn143924853"
"2156","rn143873766"
"2157","rn143872156"
"2158","rn143846823"
"2159","rn143841011"
"2160","rn143421657"
"2161","rn143374559"
"2162","rn143280687"
"2163","rn143257430"
"2164","rn143088650"
"2165","rn143023145"
"2166","rn142881442"
"2167","rn142868361"
"2168","rn142756108"
"2169","rn142748561"
"2170","rn142708637"
"2171","rn142706935"
"2172","rn142673536"
"2173","rn142589409"
"2174","rn142438264"
"2175","rn142435669"
"2176","rn142416830"
"2177","rn142363759"
"2178","rn142304769"
"2179","rn142298470"
"2180","rn142241271"
"2181","rn142160035"
"2182","rn142053922"
"2183","rn142008554"
"2184","rn141754430"
"2185","rn141594183"
"2186","rn141504328"
"2187","rn141482871"
"2188","rn141347662"
"2189","rn141330996"
"2190","rn141330924"
"2191","rn141256699"
"2192","rn141242563"
"2193","rn141155944"
"2194","rn141053058"
"2195","rn141052868"
"2196","rn140779492"
"2197","rn140664743"
"2198","rn140447934"
"2199","rn140203210"
"2200","rn140184963"
"2201","rn140042700"
"2202","rn139733533"
"2203","rn139704127"
"2204","rn139672494"
"2205","rn139656084"
"2206","rn139387208"
"2207","rn139217331"
"2208","rn139183353"
"2209","rn139147006"
"2210","rn138666877"
"2211","rn138549453"
"2212","rn138511925"
"2213","rn138501283"
"2214","rn138181943"
"2215","rn137922472"
"2216","rn137820163"
"2217","rn137737823"
"2218","rn137612809"
"2219","rn137585684"
"2220","rn137538111"
"2221","rn137257071"
"2222","rn137115902"
"2223","rn137069418"
"2224","rn137005027"
"2225","rn136937090"
"2226","rn136778588"
"2227","rn136758254"
"2228","rn136694678"
"2229","rn136580792"
"2230","rn136173080"
"2231","rn136162134"
"2232","rn136012630"
"2233","rn135974219"
"2234","rn135677540"
"2235","rn135646412"
"2236","rn135538605"
"2237","rn135398351"
"2238","rn135342707"
"2239","rn135138082"
"2240","rn135093420"
"2241","rn134997739"
"2242","rn134983606"
"2243","rn134970639"
"2244","rn134677169"
"2245","rn134584068"
"2246","rn134559152"
"2247","rn134555045"
"2248","rn134391642"
"2249","rn134349780"
"2250","rn134335259"
"2251","rn134213334"
"2252","rn134195704"
"2253","rn134131291"
"2254","rn134037225"
"2255","rn133924996"
"2256","rn133900876"
"2257","rn133889025"
"2258","rn133860730"
"2259","rn133829669"
"2260","rn133702403"
"2261","rn133690294"
"2262","rn133606535"
"2263","rn133576976"
"2264","rn133302829"
"2265","rn133257778"
"2266","rn133252020"
"2267","rn133197906"
"2268","rn133164197"
"2269","rn133127320"
"2270","rn132966823"
"2271","rn132905209"
"2272","rn132521886"
"2273","rn132458886"
"2274","rn132292396"
"2275","rn132244305"
"2276","rn132088984"
"2277","rn131847748"
"2278","rn131831129"
"2279","rn131786543"
"2280","rn131753927"
"2281","rn131535784"
"2282","rn131420893"
"2283","rn131208779"
"2284","rn131025530"
"2285","rn131024158"
"2286","rn130960854"
"2287","rn130951785"
"2288","rn130821815"
"2289","rn130753471"
"2290","rn130721985"
"2291","rn130707270"
"2292","rn130629261"
"2293","rn130591320"
"2294","rn130445281"
"2295","rn130441407"
"2296","rn130397461"
"2297","rn130382819"
"2298","rn130380791"
"2299","rn130268984"
"2300","rn130127923"
"2301","rn130067374"
"2302","rn129972377"
"2303","rn129958184"
"2304","rn129957451"
"2305","rn129930581"
"2306","rn129890843"
"2307","rn129856852"
"2308","rn129846467"
"2309","rn129839030"
"2310","rn129826768"
"2311","rn129745082"
"2312","rn129584529"
"2313","rn129563292"
"2314","rn129459603"
"2315","rn129366598"
"2316","rn129316838"
"2317","rn129306419"
"2318","rn129149991"
"2319","rn128979303"
"2320","rn128692833"
"2321","rn128608247"
"2322","rn128560397"
"2323","rn128434371"
"2324","rn128362642"
"2325","rn128257915"
"2326","rn128211796"
"2327","rn128161447"
"2328","rn127857266"
"2329","rn127622095"
"2330","rn127595580"
"2331","rn127563994"
"2332","rn127557268"
"2333","rn127550629"
"2334","rn127465577"
"2335","rn127409392"
"2336","rn127234032"
"2337","rn127152680"
"2338","rn127014951"
"2339","rn126962825"
"2340","rn126866273"
"2341","rn126850371"
"2342","rn126813860"
"2343","rn126728693"
"2344","rn126699165"
"2345","rn126672007"
"2346","rn126632689"
"2347","rn126588720"
"2348","rn126390736"
"2349","rn126334236"
"2350","rn125951593"
"2351","rn125906137"
"2352","rn125898884"
"2353","rn125746199"
"2354","rn125736359"
"2355","rn125419295"
"2356","rn125360340"
"2357","rn125306380"
"2358","rn125305149"
"2359","rn125304313"
"2360","rn125296819"
"2361","rn124987271"
"2362","rn124891132"
"2363","rn124825334"
"2364","rn124817820"
"2365","rn124808608"
"2366","rn124731969"
"2367","rn124665033"
"2368","rn124479166"
"2369","rn124401960"
"2370","rn124242306"
"2371","rn124137693"
"2372","rn123892679"
"2373","rn123668300"
"2374","rn123636742"
"2375","rn123206818"
"2376","rn123128066"
"2377","rn123123157"
"2378","rn123037896"
"2379","rn123007438"
"2380","rn122928803"
"2381","rn122903147"
"2382","rn122792848"
"2383","rn122710246"
"2384","rn122666317"
"2385","rn122651510"
"2386","rn122468500"
"2387","rn122371566"
"2388","rn122365185"
"2389","rn122339932"
"2390","rn122255340"
"2391","rn122001111"
"2392","rn121950227"
"2393","rn121849741"
"2394","rn121813103"
"2395","rn121809942"
"2396","rn121645333"
"2397","rn121645215"
"2398","rn121447281"
"2399","rn121446893"
"2400","rn121440707"
"2401","rn121398291"
"2402","rn121319666"
"2403","rn121289302"
"2404","rn121164063"
"2405","rn121163354"
"2406","rn121143909"
"2407","rn121135978"
"2408","rn120956085"
"2409","rn120851063"
"2410","rn120814409"
"2411","rn120794263"
"2412","rn120771709"
"2413","rn120681842"
"2414","rn120599980"
"2415","rn120595408"
"2416","rn120594100"
"2417","rn120543581"
"2418","rn120469315"
"2419","rn120452951"
"2420","rn120320794"
"2421","rn120291591"
"2422","rn120248102"
"2423","rn120238390"
"2424","rn120140380"
"2425","rn120086017"
"2426","rn120083287"
"2427","rn120052571"
"2428","rn119951559"
"2429","rn119942411"
"2430","rn119901454"
"2431","rn119880228"
"2432","rn119801737"
"2433","rn119703917"
"2434","rn119648702"
"2435","rn119646250"
"2436","rn119561211"
"2437","rn119332813"
"2438","rn119323934"
"2439","rn119289496"
"2440","rn119286683"
"2441","rn119227263"
"2442","rn119196724"
